Pan Tau;2008
Vladimír Rybníček;100
Šárka Barešová;100
Lenka Hamplová;100
Zdeněk Orálek;100
Adéla Šídlová;100
Jana Chmelíková;99
Dana Krátká;99
Pavlína Kolaříková;99
Jakub Houfek;98
Karel Křivánek;97
Dalibor Fišar;97
Václav Flegel;96
Ondřej Fiala;96
Ludmila Chlumecká;96
Lukáš Dobeš;96
Aneta Němcová;96
Vojtěch Škoda;95
Jan Pavlov;95
Pavol Konštacký;94
Zdena Hojná;94
Michal Piller;94
Jiřina Uhrová;94
Věra Fillová;93
Aneška Stříbrská;93
Věra Šerých;93
Lucie Telvaková;93
Milan Petržela;93
Julie Homolová;92
Vlastimil Cerman;92
Oldřich Kouba;92
Monika Hložková;92
Martin Hubáček;92
Kateřina Šmahelová;92
Michael Galia;91
Karolína Juhasová;90
Milena Junová;90
Vasyl Kubát;90
Jaroslava Čížková;90
Lubomír Červený;90
Libuše Koláčková;90
Pavlína Stejskalová;90
Pavel Langer;89
Alena Duchatschová;89
Eva Karfusová;89
Jiří Votruba;89
Dominik Delong;88
Václav Zdražil;87
Aleš Špinar;87
Tereza Mynaříková;87
Jana Jemelíková;86
Hana Čapková;86
Bohuslav Král;85
Roman Kožušník;85
Monika Svobodová;85
Daniel Janouch;84
Ján Bříza;84
Alena Knorová;84
Robert Bořil;82
Antonín Kolbábek;82
Michal Špiroch;82
Myroslav Mlynář;82
Miluše Podnecká;81
Miroslav Krága;81
Elfrieda Blinková;81
Miroslava Frolichová;81
Petra Hanzalová;80
Irena Brodská;80
Božena Kadeřábková;79
Richard Smutný;79
Josef Račan;79
Božena Pietrová;78
Věra Zatloukalová;78
Jaroslav Belán;78
Aleš Vlasák;77
Luděk Schovánek;77
Jarmila Tilingerová;76
Jitka Rožníčková;75
Jitka Mudrlová;75
Růžena Steffanová;75
Iva Boušová;75
Estera Třísková;74
Josef Uher;74
Jitka Mikudová;74
Ivan Rus;73
David Pěček;73
Jaroslav Hausner;72
Miroslav Nguyen;72
Štefánia Badalová;72
Irena Trousilová;72
Vít Fuks;72
Denisa Střelková;72
Veronika Havlíková;71
Štěpán Bušek;71
Marcela Orlíková;71
Vlasta Hančlová;70
Gabriela Václavková;70
Pavla Hawliczková;70
Yvona Folková;70
Anna Kabelková;70
Kateřina Hrdá;69
Jaroslava Ledecká;68
Josef Líbal;68
Tomáš Votípka;68
Milan Zdráhal;68
Zuzana Kalvachová;68
Vladislav Honeš;68
František Gregor;67
Monika Fousková;67
Patrik Štěpánek;66
Božena Koláčková;66
Peter Pánek;66
Milada Hladká;66
Bedřiška Piterková;65
Phuong Ton;65
Marcela Šedová;65
Eliška Salvová;64
Bohuslav Hruška;64
Pavla Dvořáková;64
Jindřiška Hofmanová;64
Iveta Vrzáčková;64
Kristýna Vitoušová;64
Miloš Hlavoň;63
Stanislava Kopřivová;63
Ludmila Ježová;63
Růžena Kozáková;62
Luboš Smital;62
Kristine Franziska Kábelová;62
Dominika Oračková;62
Vendula Jezberová;62
Ladislav Kováč;61
Soňa Polívková;61
Jan Sýkora;61
Petra Zarevúcka;61
Nela Galgonková;61
Natálie Gažíková;61
Ida Korosová;60
Ladislav Benš;60
Marie Hocká;60
Jiří Kánský;59
Kurt Sedlář;59
Helena Beránková;59
Blanka Vykydalová;59
Adalbert Šílený;59
Jiří Eschler;58
Vladimír Doležal;58
Markéta Jiráková;58
Petr Vidmuch;58
Jindřich Hyneš;58
Halina Kroužilová;57
František Petrák;57
Zdeňka Kučerová;57
Alexei Bohata;56
Lucie Janečková;56
Veronika Řehořová;55
Libor Kotrba;55
Renata Řežábková;54
Silvia Stránská;54
Vladimír Dolák;53
Diana Siváková;52
Bořivoj Slezák;52
Marek Drbohlav;52
Lukáš Maňák;52
Bohuslava Pospíšilová;52
Ondřej Švantner;51
Martina Holá;51
Klaudie Hanzálková;50
Zdenka Bardyová;49
David Petroš;48
Václav Hornaj;48
Zdeněk Frýdek;48
Jaroslav Mrázek;48
Antonie Sukdolová;48
Emil Bogáň;47
Oldřich Dubový;47
Lenka Durkáčová;47
Zdeňka Koutná;47
Stanislava Randysová;47
Kateřina Špánková;47
Hana Luhová;46
Juraj Krňanský;46
Alois Šebor;45
Marek Zeman;45
Martina Korbelová;45
Anna Horáková;45
Michal Mikuláš;45
Mykola Jánek;44
Lukáš Žoldák;44
František Popiolek;44
Jan Dolejš;44
Markéta Votrubová;43
Jozef Beneš;43
Pavel Macek;43
Lumír Buchner;42
Kristýna Hofmanová;42
Viola Vopatová;42
Iveta Beranová;42
Judita Těšínská;41
Miroslava Strnadová;40
Marie Juklová;39
Štěpán Pítr;39
Stanislav Viterna;39
Anatoly Gabriel;39
Lubomír Culka;39
Ida Králíčková;38
Filoména Bulíčková;38
Matyáš Urban;38
Miroslav Musil;38
Libuše Buryšková;37
Martin Polach;37
Ludmila Baťková;37
Denisa Mertlová;37
Zuzana Kolářová;37
Eva Krátká;36
Vendula Dobešová;36
Antonín Pomezný;36
Karel Lukášek;36
Jiřina Matějková;36
Tereza Pospíšilová;36
Tereza Hubená;36
Zděnka Stuchlá;35
Dagmar Bartáková;35
Jarmila Molíková;35
Tomáš Krnáč;35
Petra Bejblová;35
Drahomíra Sejrková;34
Klára Hronová;34
Michaela Coufalová;34
Miloslav Chrpa;34
Iva Coxová;34
Vítězslav Musálek;34
Anežka Knápková;34
Stanislav Jeřábek;34
Anděla Stuchlíková;33
Jana Stehlíková;33
Marta Vejborová;33
Filip Štěpán;33
Sára Kříčková;32
Růžena Skalová;31
Helena Mušková;31
Anna Vavřichová;30
Michaela Klapková;30
Ngoc Tuong Obšel;30
Bohumil Paksi;30
Romana Štosková;30
Martin Bukovjan;29
Daniela Lauberová;28
Jaroslava Šlosarová;28
Hana Štolfová;28
Zdeněk Kubánek;28
Vojtěch Horáček;28
Petr Hevera;28
Vojtěch Valenta;27
David Ligocký;27
Agim Franc;27
Ivana Čtvrtečková;26
Jakub Novotný;26
Eva Součková;26
Radek Pátek;26
Magdaléna Bělíková;26
Roman Jaňour;26
Roman Sachr;25
Petr Duna;25
Alena Škorvagová;25
Jakub Kolařík;25
Anežka Sochorková;24
Miloslav Franek;24
Milada Průšová;24
Veronika Korecká;24
Iveta Čiháková;23
Marie Hrbková;23
Tetyana Richterová;22
Olga Nováková;22
Anežka Dostálková;21
Lenka Káninská;21
Klára Chludová;21
Ondřej Návara;21
Lucie Adamcová;20
Jarmila Coblová;19
Karel Trnka;19
Aleš Krupka;18
Nina Rašková;18
Michaela Michálková;18
Jaromír Pszczolka;18
Patrik Kaplita;18
Eliška Hinnerová;18
Petr Václav Šnyrych;17
Barbora Kostelková;17
Milan Podolák;16
Martina Rytířová;16
Květoslava Marková;16
Tomáš Zimák;16
Marta Nováková;16
Nikola Milfaitová;16
Pavel Průša;14
Oleksandr Kotrla;14
Bohuslav Marić;13
Ladislav Baník;12
Andrzej Volf;11
Adriana Zsambová;11
Yvona Antoníčková;10
Šimon Horváth;10
