Petra;Menclová;11.12.2021
Josef;Feri;30.05.2022
Anita;Štejfová;21.05.2020
Branislav;Lebl;30.05.2011
Adam;Kobliha;26.11.2023
Zuzana;Makovcová;19.04.2017
Lubomír;Rychtr;21.11.2007
Eva;Martínková;25.07.2000
Jakub;Boroš;27.06.2007
Jiří;Svoboda;20.05.2014
Eliška;Vávrová;12.09.2011
Tereza;Šťastná;06.09.1999
Václav;Skorunka;01.12.2011
Patrik;Trunec;15.09.2014
Pavel;Čížek;17.03.2022
Danuše;Jančová;12.09.2025
Tomáš;Králík;24.09.2006
Bedřiška;Potůčková;03.03.2005
Jana;Janečková;19.05.2018
Miroslav;Šádek;09.05.2006
Petr;Němeček;27.04.2009
Jan;Madi;13.11.2003
Jaroslav;Gondek;13.09.2012
Marie;Kubíčková;01.10.2009
Radek;Neužil;17.12.2008
Marie Alběta;Volkmannová;25.04.2018
Ladislav;Hykl;11.05.2007
Pavlína;Kotábová;11.09.2022
Marta;Vítková;10.12.2006
Radka;Yarema;19.08.2015
Michal;Petr;14.03.2007
František;Jelínek;23.02.2014
Irena;Šmatolánová;03.02.2004
Milada;Ponikelská;09.07.2014
Miluše;Tesaříková;03.12.2014
Emilie;Wunschová;04.09.2013
Hedvika;Bláhová;09.09.1999
Zlata;Babůrková;04.08.2022
Anna;Poppová;15.06.2005
Jaroslava;Bělicová;06.08.2001
Martin;Nechvátal;27.08.2020
Aspen;Pinkas;13.07.2016
Alena;Horáková;05.10.2006
Lucie;Francová;21.10.2021
Kateřina;Čapková;29.10.2012
Alois;Mrva;06.09.2000
Karel;Homola;14.11.2004
Zdeněk;Voborný;07.04.2006
Věra;Saffertová;26.02.2002
Bohumil;Filip;19.03.2001
Jiřina;Abtová;15.04.2006
Zdeňka;Suchá;18.02.2002
Radomír;Koška;11.12.2023
Milan;Izaiasz;10.05.2010
Vlastimil;Duda;07.05.2004
Stanislav;Dušánek;24.02.2024
Lukáš;Kotulič;24.11.1999
Hana;Nováková;01.12.2016
Šárka;Zabloudilová;21.06.2015
Lenka;Sionová;20.04.2005
Martina;Očadlíková;23.12.2010
Ludmila;Břusková;06.11.2023
Andrea;Tučková;01.07.2024
Oldřich;Kaláb;13.10.2023
Jaromír;Ciprián;22.12.2019
Ludvík;Husein;01.03.2016
Olga;Lišková;11.07.2004
Renáta;Falešníková;19.12.2024
Kryštof;Nohel;20.05.2016
Helena;Zelenková;19.05.2003
Veronika;Pacíková;16.09.2022
Miroslava;Fiedlerová;21.02.2020
Margita;Kopáčková;22.07.2006
Vasyl;Skuhrovec;10.09.2011
Antonína;Navrátilová;28.10.1999
Barbora;Myslivcová;11.05.2011
Jitka;Tvrdíková;08.03.2011
David;Vávra;15.04.2005
Naděžda;Babiczová;28.07.2013
Vladimír;Chrapovič;02.11.2013
Denisa;Tupá;07.10.2022
Ondřej;Oplt;24.08.2019
Michaela;Cajkánová;27.02.2002
Filip;Král;28.10.2020
Vlasta;Filgasová;26.04.2003
Ivana;Pelcová;13.01.2021
Jakub;Karabaj;04.06.2016
Dagmar;Kylbergerová;27.03.2025
Kristýna;Málková;10.05.2015
Luděk;Kubart;09.04.2023
Robert;Pulda;16.02.2025
Nikol;Macasová;19.07.2023
Miloš;Přibík;25.02.2019
Markéta;Halačková;30.11.2022
Ivo;Posejpal;09.07.2003
Soňa;Klímová;31.03.2002
Jarmila;Gregušová;04.02.2022
Gabriela;Křížová;11.01.2020
Marcela;Lidická;03.10.2018
Miloslava;Vöröšová;17.06.2006
Monika;Pokorná;10.02.2012
Martin;Barot;03.01.2024
Tomáš;Králíček;06.07.2020
Josef;Voleman;23.03.2024
Vlastimil;Alexa;09.04.2003
Jana;Čeperová;23.10.2010
Jan;Gablík;03.02.2021
Luboš;Vrbata;04.08.2000
Eva;Meixnerová;23.03.2011
Roman;Hlaváček;13.09.2021
Anna;Bučková;15.12.2018
Vladimír;Štoček;15.09.2004
Natálija;Hynková;06.11.2012
Marie;Janů;01.03.2004
Lenka;Bartoňová;31.01.2002
Soňa;Kukučková;07.01.2026
Daniel;Ondráček;15.10.2011
Helena;Dorotíková;31.10.2020
Ivan;Květoň;13.11.2015
Jiří;Lacina;04.10.2004
Radim;Koláček;25.05.2001
Jaroslav;Volšík;24.05.2016
Anton;Hodáň;22.06.2016
Laura;Dvořáková;07.04.2001
Hana;Janků;05.04.2010
Antonín;Lukačka;16.11.2009
Jitka;Strkáčová;05.08.2005
Michal;Basel;29.07.2023
Zdenka;Bukovská;05.08.2016
Petr;Plachý;04.08.2018
Nikola;Dubová;11.08.2024
Pavel;Kleinmann;30.11.2002
Filip;Neusser;02.02.2003
David;Kotlaba;17.12.2014
Imrich;Růžička;16.05.2008
Bára;Vysloužilová;16.12.2016
Zdeněk;Lakó;12.04.2006
Karel;Merhaut;13.03.2024
Zuzana;Šedivá;02.10.2002
Veronika;Zahradníková;13.11.2020
Růžena;Schoberová;11.06.2003
Zdeňka;Strašilová;12.10.2015
Václav;Kubeš;22.11.2017
Vilma;Bernardová;20.12.2024
František;Šťastný;17.12.2007
Milan;Kováč;07.07.2018
Miroslav;Vymlátil;31.07.2024
Taťana;Hrušková;10.04.2014
Miloslav;Hlobil;06.04.2021
Daniela;Potencová;08.07.2001
Frank;Vu;11.10.2023
Věra;Křivánková;15.07.2005
Jindřich;Kopka;17.09.2023
Ludmila;Nováková;31.05.2025
Bruno;Panský;12.03.2018
Sandra;Syrovátková;30.01.2001
Libuše;Mečířová;24.01.2013
Mária;Hellarová;02.02.2020
Kateřina;Marková;04.10.2014
Miroslava;Balážová;11.01.2003
Denis;Čermák;15.01.2017
Šárka;Ferencová;22.09.2014
Lukáš;Mecera;10.11.1999
Petra;Vajsová;09.05.2005
Stanislav;Opletal;28.01.2002
Barbora;Jarošová;10.06.2004
Alena;Dofková;06.11.2020
Dominik;Pastorek;20.04.2010
Jarmila;Elznicová;15.04.2006
Constantin;Plhák;16.06.2014
Blanka;Ulrichová;30.10.2008
Markéta;Myšáková;31.03.2016
Dagmar;Kyznarová;23.01.2005
Lucie;Hrochová;26.08.2021
Jaroslava;Osmanovič;10.11.2008
Denisa;Gebauerová;27.08.2015
Eliška;Rajtarová;24.05.2002
Tereza;Svědínková;07.06.2014
Hanna;Koryntová;01.02.2018
Ivana;Slaná;11.03.2024
Jolana;Doleželová;10.09.2024
Martina;Mrajcová;28.08.2001
Lubomír;Hrmel;27.08.2013
Bohuslav;Hendrich;31.05.2004
Johann;Sůva;30.09.2001
Alex;Haltof;02.11.2021
Adam;Holub;21.01.2003
Ondřej;Jonák;10.06.2000
Vít;Chmel;18.06.2024
Jakub;Procházka;21.04.2022
Dáša;Janatová;14.07.2007
Samuel;Papp;08.12.2003
Ladislav;Tesař;05.02.2018
Yaroslav;Kozel;21.08.2008
Jiřina;Procházková;22.07.2024
Hedvika;Hlávková;05.06.2006
Michaela;Burešová;03.06.2011
Iveta;Vladyková;12.11.2014
Ilona;Říčanová;16.06.2018
Drahomíra;Dostálová;26.12.2020
Jaroslav;Pařížský;01.03.2000
Tomáš;Pacholík;05.12.2020
Pavla;Fořtová;18.10.2022
Martin;Sirotek;04.12.2019
Lujza;Mixánová;29.02.2020
Josef;Máček;03.06.2003
Alena;Bartoňová;16.10.2004
Jan;Tůša;22.06.2014
Lukáš;Zborník;26.10.2018
Daniel;Gaier;25.06.2010
Karel;Pleskot;27.01.2022
Stanislava;Teichmanová;26.05.2007
Barbora;Havlišová;24.12.2004
Zbyněk;Oulehla;30.04.2024
Marie;Kyliánková;08.10.2014
Lenka;Miková;08.05.2016
Petr;Janoušek;07.04.2003
Miroslav;Pokorný;30.06.2013
Jana;Casková;08.08.2009
Ivana;Novotná;12.02.2018
Stanislav;Grebáč;07.04.2024
Jaroslava;Fojtiková;16.12.2024
Jiří;Šavel;17.02.2011
Jakub;Kafka;13.12.2014
Zuzana;Cígnerová;11.06.2000
Veronika;Spilková;30.10.2023
Anna;Kovařčíková;30.11.2005
Roman;Pokluda;05.07.2021
Danuše;Důjková;27.03.2022
Libuše;Kopáčková;16.05.2019
Samuel;Holý;14.05.2024
Michaela;Jakubičková;22.07.2008
Zdenka;Patalová;15.07.2024
Pavel;Antoš;21.09.2010
Iveta;Wojnarová;08.12.2009
Taťána;Klazarová;01.03.2016
František;Musil;09.11.2014
Vendula;Holotíková;12.11.2007
Radek;Dospěl;17.02.2004
Tereza;Studená;05.03.2014
Jitka;Malá;14.10.2018
Václav;Kameník;03.05.2004
Eva;Číhalová;12.05.2000
Zdeněk;Bíba;21.09.2004
Petra;Bergerová;18.01.2002
Irene;Váňová;05.11.2010
Jarmila;Kučerová;18.09.2025
Lucie;Čapková;25.09.2023
Ludmila;Čepelová;30.08.2018
Renáta Barbora;Rychtárechová;08.08.2011
Hana;Kubištová;11.08.2001
Tomáš;Jörg Remeš;07.05.2012
Marta;Krpálková;29.09.2008
Svatava;Kotlarová;29.03.2010
Martina;Humlová;11.03.2008
Gustav;Mikulčík;05.02.2019
Božena;Veselá;11.09.2001
David;Voženílek;22.01.2009
Aleš;Gabriel;30.03.2014
Antonín;Potužník;22.11.2005
Ladislav;Hasík;25.05.2015
Zdeňka;Šimečková;25.10.2022
Věra;Konopásková;16.12.2019
Milan;Bartoš;03.10.2002
Michael;Molnár;04.10.2007
Milana;Kovaříková;04.10.2018
Michal;Čtvrtníček;03.12.2002
Simon;Svoboda;07.06.2007
Erika;Kolouchová;04.12.2014
Johana;Menšíková;22.04.2023
Kristýna;Procházková;23.01.2016
Kateřina;Dombrovská;04.01.2008
Helena;Petráčková;14.07.2020
Leo;Trojan;21.06.2000
Artur;Nosek;14.01.2010
Markéta;Horáčková;04.07.2024
Šárka;Klucká;02.11.2012
Julie;Škrabová;04.07.2003
Vladimír;Halm;03.07.2019
Ivanka;Bártová;12.02.2002
Ondřej;Černák;10.10.2017
Alice;Šotolová;21.09.2004
Pavlína;Vincurová;13.07.2021
Miloslav;Fairaizl;16.06.2013
Adam;Čmejrek;17.04.2018
Vlasta;Hanáková;19.10.2005
Andrea;Červená;28.11.2020
Bohumír;Zeman;29.08.2006
Miloš;Pachovský;05.01.2016
Dominika;Kadečková;06.08.2006
Simona;Mafková;26.11.2021
Růžena;Černá;30.11.2015
Ilona;Havlíčková;15.05.2023
Dagmar;Banzetová;11.07.2022
Jiřina;Šindelková;21.09.2022
Adéla;Lebrušková;15.03.2006
Drahomíra;Dvořáková;12.11.2017
Nikola;Fousová;08.07.2024
Renata;Nedělníková;31.12.2012
Miriam Renáta;Fryzelková;30.07.2000
Tomáš;Král;28.09.2009
Jana;Chromčáková;13.11.2001
Jan;Chromý;12.08.2015
Alena;Kučerová;09.05.2017
Věra;Kameníková;18.05.2001
Jana;Nováková;25.01.2023
Veronika;Kabilková;05.02.2007
Radka;Ondráčková;02.12.2001
Lucie;Giertlová;16.05.2010
Pavel;Mochernyuk;20.07.2003
Roman;Šafář;05.09.2005
Marie;Kratochvílová;27.03.2010
Monika;Klenovská;19.10.2025
František;Mikšovic;27.10.1999
Jiří;Malysz;21.11.2017
Martina;Bíšková;23.10.2006
Koloman;Kydlíček;06.09.2003
Patrik;Andrš;07.02.2006
Milada;Přidalová;30.06.2019
Petr;Tuček;08.12.2018
Markéta;Švecová;30.12.2014
Petra;Mudruňková;18.08.2012
Libuše;Kadlečková;20.05.2025
Nikola;Chýlová;21.04.2007
Margita;Nguyen;25.04.2021
Kostadin;Anguelov;16.01.2002
Miroslav;Witoszek;17.08.2000
Zbyněk;Majer;27.04.2004
Lukáš;Vlk;23.06.2012
Vladimír;Červený;25.01.2015
Kristýna;Choutková;20.08.2015
Jozef;Reichl;20.11.2015
Ondřej;Grussmann;11.03.2009
Kateřina;Krátká;17.10.2008
Josef;Hrubý;17.06.2024
Božena;Thiemlová;02.01.2015
Marián;Demeter;15.07.2009
David;Krčmař;16.02.2018
Dalibor;Křížek;24.07.2023
Jaroslav;Kauc;24.03.2006
Naděžda;Žáčková;23.06.2025
Štefan;Tichý;28.05.2020
Václav;Zemek;13.03.2019
Adam;Cimler;07.07.2015
Hana;Špalková;07.04.2025
Thi;Huong;24.09.1999
Jiřina;Hlochová;24.09.2019
Eva;Cibulková;07.09.2022
Olga;Malinová;16.06.2008
Filip;Mraček;01.06.2012
Jitka;Axamská;27.05.2015
Zdeněk;Morávek;07.03.2020
Dana;Trnková;14.11.2017
Sebastian;Krzysztof;14.02.2015
Blanka;Leksová;08.03.2012
Martin;Chlubna;15.04.2023
Stanislav;Petřík;28.02.2008
Diana;Voleníková;11.12.2017
Michal;Mašlár;01.12.2006
Victoria;Škrabalová;16.06.2024
Lenka;Pivničková;26.01.2020
Magdalena;Kopecká;26.07.2020
Karel;Dvorník;27.04.2019
Radek;Darebníček;13.12.2011
Anna;Kaňková;09.06.2000
Zdeňka;Glacová;07.10.2023
Vojtěch;Toman;22.01.2010
Vendula;Henzlová;27.12.2021
Alexandra;Kramlová;08.07.2022
Oldřich;Semerád;11.01.2025
Barbora;Vokounová;26.02.2025
Waltraude;Chybová;03.11.2021
Vitaliya;Kaslová;29.09.2025
Jindřich;Kos;10.08.2017
Ludmila;Burešová;16.11.2002
Marcela;Krabicová;25.04.2020
Pavla;Fučíková;10.09.2009
Tereza;Čečotková;25.10.2024
Renata;Dočkalová;15.10.2009
Zuzana;Svárovská;10.06.2002
Ilona;Kalčíková;23.11.2012
Mariusz;Ciper;03.06.2002
Jaroslava;Valsová;30.01.2019
Milan;Špryňar;04.11.2008
Dominik;Vytásek;26.08.2013
Irena;Růžičková;11.10.2016
Emanuel;Kratochvíl;29.01.2013
Ladislav;Levai;12.02.2017
Antonín;Jašek;11.04.2015
Radim;Novák;23.11.2001
Helena;Prokopcová;25.01.2019
Danuše;Hladíková;28.04.2013
Beáta;Peřinová;30.04.2023
Matěj;Hrček;20.11.2022
Jaromír;Pikna;08.08.2019
Viktor;Mikšovský;03.01.2018
Ivana;Landkammerová;07.10.2021
Jarmila;Čížková;29.07.2020
Nataša;Javorová;31.07.2002
Drahomíra;Vítová;24.03.2008
