Petra;Menclová;11.12.2021;Oddělení 2
Josef;Feri;30.05.2022;Oddělení 5
Anita;Štejfová;21.05.2020;Oddělení 5
Branislav;Lebl;30.05.2011;Oddělení 1
Adam;Kobliha;26.11.2023;Oddělení 1
Zuzana;Makovcová;19.04.2017;Oddělení 4
Lubomír;Rychtr;21.11.2007;Oddělení 1
Eva;Martínková;25.07.2000;Oddělení 1
Jakub;Boroš;27.06.2007;Oddělení 5
Jiří;Svoboda;20.05.2014;Oddělení 3
Eliška;Vávrová;12.09.2011;Oddělení 2
Tereza;Šťastná;06.09.1999;Oddělení 5
Václav;Skorunka;01.12.2011;Oddělení 1
Patrik;Trunec;15.09.2014;Oddělení 6
Pavel;Čížek;17.03.2022;Oddělení 6
Danuše;Jančová;12.09.2025;Oddělení 5
Tomáš;Králík;24.09.2006;Oddělení 4
Bedřiška;Potůčková;03.03.2005;Oddělení 1
Jana;Janečková;19.05.2018;Oddělení 4
Miroslav;Šádek;09.05.2006;Oddělení 1
Petr;Němeček;27.04.2009;Oddělení 1
Jan;Madi;13.11.2003;Oddělení 1
Jaroslav;Gondek;13.09.2012;Oddělení 5
Marie;Kubíčková;01.10.2009;Oddělení 1
Radek;Neužil;17.12.2008;Oddělení 2
Marie Alběta;Volkmannová;25.04.2018;Oddělení 3
Ladislav;Hykl;11.05.2007;Oddělení 4
Pavlína;Kotábová;11.09.2022;Oddělení 3
Marta;Vítková;10.12.2006;Oddělení 1
Radka;Yarema;19.08.2015;Oddělení 6
Michal;Petr;14.03.2007;Oddělení 6
František;Jelínek;23.02.2014;Oddělení 3
Irena;Šmatolánová;03.02.2004;Oddělení 2
Milada;Ponikelská;09.07.2014;Oddělení 2
Miluše;Tesaříková;03.12.2014;Oddělení 3
Emilie;Wunschová;04.09.2013;Oddělení 3
Hedvika;Bláhová;09.09.1999;Oddělení 2
Zlata;Babůrková;04.08.2022;Oddělení 3
Anna;Poppová;15.06.2005;Oddělení 2
Jaroslava;Bělicová;06.08.2001;Oddělení 2
Martin;Nechvátal;27.08.2020;Oddělení 3
Aspen;Pinkas;13.07.2016;Oddělení 1
Alena;Horáková;05.10.2006;Oddělení 2
Lucie;Francová;21.10.2021;Oddělení 4
Kateřina;Čapková;29.10.2012;Oddělení 2
Alois;Mrva;06.09.2000;Oddělení 6
Karel;Homola;14.11.2004;Oddělení 2
Zdeněk;Voborný;07.04.2006;Oddělení 3
Věra;Saffertová;26.02.2002;Oddělení 3
Bohumil;Filip;19.03.2001;Oddělení 2
Jiřina;Abtová;15.04.2006;Oddělení 4
Zdeňka;Suchá;18.02.2002;Oddělení 5
Radomír;Koška;11.12.2023;Oddělení 1
Milan;Izaiasz;10.05.2010;Oddělení 5
Vlastimil;Duda;07.05.2004;Oddělení 4
Stanislav;Dušánek;24.02.2024;Oddělení 2
Lukáš;Kotulič;24.11.1999;Oddělení 1
Hana;Nováková;01.12.2016;Oddělení 1
Šárka;Zabloudilová;21.06.2015;Oddělení 4
Lenka;Sionová;20.04.2005;Oddělení 1
Martina;Očadlíková;23.12.2010;Oddělení 4
Ludmila;Břusková;06.11.2023;Oddělení 4
Andrea;Tučková;01.07.2024;Oddělení 5
Oldřich;Kaláb;13.10.2023;Oddělení 6
Jaromír;Ciprián;22.12.2019;Oddělení 6
Ludvík;Husein;01.03.2016;Oddělení 4
Olga;Lišková;11.07.2004;Oddělení 6
Renáta;Falešníková;19.12.2024;Oddělení 3
Kryštof;Nohel;20.05.2016;Oddělení 3
Helena;Zelenková;19.05.2003;Oddělení 2
Veronika;Pacíková;16.09.2022;Oddělení 4
Miroslava;Fiedlerová;21.02.2020;Oddělení 3
Margita;Kopáčková;22.07.2006;Oddělení 6
Vasyl;Skuhrovec;10.09.2011;Oddělení 6
Antonína;Navrátilová;28.10.1999;Oddělení 3
Barbora;Myslivcová;11.05.2011;Oddělení 1
Jitka;Tvrdíková;08.03.2011;Oddělení 2
David;Vávra;15.04.2005;Oddělení 4
Naděžda;Babiczová;28.07.2013;Oddělení 2
Vladimír;Chrapovič;02.11.2013;Oddělení 6
Denisa;Tupá;07.10.2022;Oddělení 5
Ondřej;Oplt;24.08.2019;Oddělení 4
Michaela;Cajkánová;27.02.2002;Oddělení 5
Filip;Král;28.10.2020;Oddělení 1
Vlasta;Filgasová;26.04.2003;Oddělení 6
Ivana;Pelcová;13.01.2021;Oddělení 3
Jakub;Karabaj;04.06.2016;Oddělení 6
Dagmar;Kylbergerová;27.03.2025;Oddělení 3
Kristýna;Málková;10.05.2015;Oddělení 6
Luděk;Kubart;09.04.2023;Oddělení 3
Robert;Pulda;16.02.2025;Oddělení 4
Nikol;Macasová;19.07.2023;Oddělení 5
Miloš;Přibík;25.02.2019;Oddělení 2
Markéta;Halačková;30.11.2022;Oddělení 2
Ivo;Posejpal;09.07.2003;Oddělení 3
Soňa;Klímová;31.03.2002;Oddělení 6
Jarmila;Gregušová;04.02.2022;Oddělení 5
Gabriela;Křížová;11.01.2020;Oddělení 6
Marcela;Lidická;03.10.2018;Oddělení 3
Miloslava;Vöröšová;17.06.2006;Oddělení 1
Monika;Pokorná;10.02.2012;Oddělení 1
Martin;Barot;03.01.2024;Oddělení 1
Tomáš;Králíček;06.07.2020;Oddělení 5
Josef;Voleman;23.03.2024;Oddělení 1
Vlastimil;Alexa;09.04.2003;Oddělení 1
Jana;Čeperová;23.10.2010;Oddělení 1
Jan;Gablík;03.02.2021;Oddělení 1
Luboš;Vrbata;04.08.2000;Oddělení 5
Eva;Meixnerová;23.03.2011;Oddělení 1
Roman;Hlaváček;13.09.2021;Oddělení 1
Anna;Bučková;15.12.2018;Oddělení 5
Vladimír;Štoček;15.09.2004;Oddělení 6
Natálija;Hynková;06.11.2012;Oddělení 3
Marie;Janů;01.03.2004;Oddělení 6
Lenka;Bartoňová;31.01.2002;Oddělení 3
Soňa;Kukučková;07.01.2026;Oddělení 4
Daniel;Ondráček;15.10.2011;Oddělení 2
Helena;Dorotíková;31.10.2020;Oddělení 1
Ivan;Květoň;13.11.2015;Oddělení 2
Jiří;Lacina;04.10.2004;Oddělení 1
Radim;Koláček;25.05.2001;Oddělení 1
Jaroslav;Volšík;24.05.2016;Oddělení 3
Anton;Hodáň;22.06.2016;Oddělení 2
Laura;Dvořáková;07.04.2001;Oddělení 1
Hana;Janků;05.04.2010;Oddělení 5
Antonín;Lukačka;16.11.2009;Oddělení 2
Jitka;Strkáčová;05.08.2005;Oddělení 4
Michal;Basel;29.07.2023;Oddělení 3
Zdenka;Bukovská;05.08.2016;Oddělení 4
Petr;Plachý;04.08.2018;Oddělení 4
Nikola;Dubová;11.08.2024;Oddělení 2
Pavel;Kleinmann;30.11.2002;Oddělení 1
Filip;Neusser;02.02.2003;Oddělení 3
David;Kotlaba;17.12.2014;Oddělení 4
Imrich;Růžička;16.05.2008;Oddělení 2
Bára;Vysloužilová;16.12.2016;Oddělení 1
Zdeněk;Lakó;12.04.2006;Oddělení 6
Karel;Merhaut;13.03.2024;Oddělení 3
Zuzana;Šedivá;02.10.2002;Oddělení 2
Veronika;Zahradníková;13.11.2020;Oddělení 1
Růžena;Schoberová;11.06.2003;Oddělení 4
Zdeňka;Strašilová;12.10.2015;Oddělení 3
Václav;Kubeš;22.11.2017;Oddělení 4
Vilma;Bernardová;20.12.2024;Oddělení 3
František;Šťastný;17.12.2007;Oddělení 4
Milan;Kováč;07.07.2018;Oddělení 2
Miroslav;Vymlátil;31.07.2024;Oddělení 2
Taťana;Hrušková;10.04.2014;Oddělení 1
Miloslav;Hlobil;06.04.2021;Oddělení 6
Daniela;Potencová;08.07.2001;Oddělení 3
Frank;Vu;11.10.2023;Oddělení 4
Věra;Křivánková;15.07.2005;Oddělení 2
Jindřich;Kopka;17.09.2023;Oddělení 6
Ludmila;Nováková;31.05.2025;Oddělení 4
Bruno;Panský;12.03.2018;Oddělení 2
Sandra;Syrovátková;30.01.2001;Oddělení 2
Libuše;Mečířová;24.01.2013;Oddělení 1
Mária;Hellarová;02.02.2020;Oddělení 1
Kateřina;Marková;04.10.2014;Oddělení 1
Miroslava;Balážová;11.01.2003;Oddělení 1
Denis;Čermák;15.01.2017;Oddělení 5
Šárka;Ferencová;22.09.2014;Oddělení 1
Lukáš;Mecera;10.11.1999;Oddělení 3
Petra;Vajsová;09.05.2005;Oddělení 6
Stanislav;Opletal;28.01.2002;Oddělení 2
Barbora;Jarošová;10.06.2004;Oddělení 6
Alena;Dofková;06.11.2020;Oddělení 1
Dominik;Pastorek;20.04.2010;Oddělení 5
Jarmila;Elznicová;15.04.2006;Oddělení 6
Constantin;Plhák;16.06.2014;Oddělení 3
Blanka;Ulrichová;30.10.2008;Oddělení 4
Markéta;Myšáková;31.03.2016;Oddělení 5
Dagmar;Kyznarová;23.01.2005;Oddělení 5
Lucie;Hrochová;26.08.2021;Oddělení 6
Jaroslava;Osmanovič;10.11.2008;Oddělení 5
Denisa;Gebauerová;27.08.2015;Oddělení 4
Eliška;Rajtarová;24.05.2002;Oddělení 2
Tereza;Svědínková;07.06.2014;Oddělení 3
Hanna;Koryntová;01.02.2018;Oddělení 4
Ivana;Slaná;11.03.2024;Oddělení 1
Jolana;Doleželová;10.09.2024;Oddělení 6
Martina;Mrajcová;28.08.2001;Oddělení 5
Lubomír;Hrmel;27.08.2013;Oddělení 6
Bohuslav;Hendrich;31.05.2004;Oddělení 4
Johann;Sůva;30.09.2001;Oddělení 6
Alex;Haltof;02.11.2021;Oddělení 1
Adam;Holub;21.01.2003;Oddělení 5
Ondřej;Jonák;10.06.2000;Oddělení 2
Vít;Chmel;18.06.2024;Oddělení 4
Jakub;Procházka;21.04.2022;Oddělení 4
Dáša;Janatová;14.07.2007;Oddělení 6
Samuel;Papp;08.12.2003;Oddělení 6
Ladislav;Tesař;05.02.2018;Oddělení 6
Yaroslav;Kozel;21.08.2008;Oddělení 4
Jiřina;Procházková;22.07.2024;Oddělení 2
Hedvika;Hlávková;05.06.2006;Oddělení 1
Michaela;Burešová;03.06.2011;Oddělení 1
Iveta;Vladyková;12.11.2014;Oddělení 1
Ilona;Říčanová;16.06.2018;Oddělení 1
Drahomíra;Dostálová;26.12.2020;Oddělení 1
Jaroslav;Pařížský;01.03.2000;Oddělení 1
Tomáš;Pacholík;05.12.2020;Oddělení 2
Pavla;Fořtová;18.10.2022;Oddělení 1
Martin;Sirotek;04.12.2019;Oddělení 5
Lujza;Mixánová;29.02.2020;Oddělení 2
Josef;Máček;03.06.2003;Oddělení 5
Alena;Bartoňová;16.10.2004;Oddělení 4
Jan;Tůša;22.06.2014;Oddělení 4
Lukáš;Zborník;26.10.2018;Oddělení 4
Daniel;Gaier;25.06.2010;Oddělení 5
Karel;Pleskot;27.01.2022;Oddělení 2
Stanislava;Teichmanová;26.05.2007;Oddělení 1
Barbora;Havlišová;24.12.2004;Oddělení 5
Zbyněk;Oulehla;30.04.2024;Oddělení 6
Marie;Kyliánková;08.10.2014;Oddělení 1
Lenka;Miková;08.05.2016;Oddělení 1
Petr;Janoušek;07.04.2003;Oddělení 2
Miroslav;Pokorný;30.06.2013;Oddělení 2
Jana;Casková;08.08.2009;Oddělení 1
Ivana;Novotná;12.02.2018;Oddělení 3
Stanislav;Grebáč;07.04.2024;Oddělení 2
Jaroslava;Fojtiková;16.12.2024;Oddělení 3
Jiří;Šavel;17.02.2011;Oddělení 1
Jakub;Kafka;13.12.2014;Oddělení 3
Zuzana;Cígnerová;11.06.2000;Oddělení 6
Veronika;Spilková;30.10.2023;Oddělení 4
Anna;Kovařčíková;30.11.2005;Oddělení 3
Roman;Pokluda;05.07.2021;Oddělení 1
Danuše;Důjková;27.03.2022;Oddělení 5
Libuše;Kopáčková;16.05.2019;Oddělení 3
Samuel;Holý;14.05.2024;Oddělení 3
Michaela;Jakubičková;22.07.2008;Oddělení 6
Zdenka;Patalová;15.07.2024;Oddělení 2
Pavel;Antoš;21.09.2010;Oddělení 3
Iveta;Wojnarová;08.12.2009;Oddělení 1
Taťána;Klazarová;01.03.2016;Oddělení 6
František;Musil;09.11.2014;Oddělení 4
Vendula;Holotíková;12.11.2007;Oddělení 6
Radek;Dospěl;17.02.2004;Oddělení 6
Tereza;Studená;05.03.2014;Oddělení 6
Jitka;Malá;14.10.2018;Oddělení 4
Václav;Kameník;03.05.2004;Oddělení 1
Eva;Číhalová;12.05.2000;Oddělení 4
Zdeněk;Bíba;21.09.2004;Oddělení 6
Petra;Bergerová;18.01.2002;Oddělení 3
Irene;Váňová;05.11.2010;Oddělení 4
Jarmila;Kučerová;18.09.2025;Oddělení 3
Lucie;Čapková;25.09.2023;Oddělení 2
Ludmila;Čepelová;30.08.2018;Oddělení 4
Renáta Barbora;Rychtárechová;08.08.2011;Oddělení 1
Hana;Kubištová;11.08.2001;Oddělení 5
Tomáš;Jörg Remeš;07.05.2012;Oddělení 4
Marta;Krpálková;29.09.2008;Oddělení 5
Svatava;Kotlarová;29.03.2010;Oddělení 3
Martina;Humlová;11.03.2008;Oddělení 5
Gustav;Mikulčík;05.02.2019;Oddělení 2
Božena;Veselá;11.09.2001;Oddělení 6
David;Voženílek;22.01.2009;Oddělení 3
Aleš;Gabriel;30.03.2014;Oddělení 2
Antonín;Potužník;22.11.2005;Oddělení 1
Ladislav;Hasík;25.05.2015;Oddělení 1
Zdeňka;Šimečková;25.10.2022;Oddělení 1
Věra;Konopásková;16.12.2019;Oddělení 6
Milan;Bartoš;03.10.2002;Oddělení 1
Michael;Molnár;04.10.2007;Oddělení 5
Milana;Kovaříková;04.10.2018;Oddělení 2
Michal;Čtvrtníček;03.12.2002;Oddělení 1
Simon;Svoboda;07.06.2007;Oddělení 2
Erika;Kolouchová;04.12.2014;Oddělení 5
Johana;Menšíková;22.04.2023;Oddělení 2
Kristýna;Procházková;23.01.2016;Oddělení 2
Kateřina;Dombrovská;04.01.2008;Oddělení 5
Helena;Petráčková;14.07.2020;Oddělení 6
Leo;Trojan;21.06.2000;Oddělení 3
Artur;Nosek;14.01.2010;Oddělení 3
Markéta;Horáčková;04.07.2024;Oddělení 3
Šárka;Klucká;02.11.2012;Oddělení 7
Julie;Škrabová;04.07.2003;Oddělení 1
Vladimír;Halm;03.07.2019;Oddělení 5
Ivanka;Bártová;12.02.2002;Oddělení 6
Ondřej;Černák;10.10.2017;Oddělení 5
Alice;Šotolová;21.09.2004;Oddělení 3
Pavlína;Vincurová;13.07.2021;Oddělení 3
Miloslav;Fairaizl;16.06.2013;Oddělení 4
Adam;Čmejrek;17.04.2018;Oddělení 5
Vlasta;Hanáková;19.10.2005;Oddělení 6
Andrea;Červená;28.11.2020;Oddělení 4
Bohumír;Zeman;29.08.2006;Oddělení 3
Miloš;Pachovský;05.01.2016;Oddělení 5
Dominika;Kadečková;06.08.2006;Oddělení 6
Simona;Mafková;26.11.2021;Oddělení 5
Růžena;Černá;30.11.2015;Oddělení 2
Ilona;Havlíčková;15.05.2023;Oddělení 4
Dagmar;Banzetová;11.07.2022;Oddělení 6
Jiřina;Šindelková;21.09.2022;Oddělení 6
Adéla;Lebrušková;15.03.2006;Oddělení 5
Drahomíra;Dvořáková;12.11.2017;Oddělení 5
Nikola;Fousová;08.07.2024;Oddělení 5
Renata;Nedělníková;31.12.2012;Oddělení 1
Miriam Renáta;Fryzelková;30.07.2000;Oddělení 3
Tomáš;Král;28.09.2009;Oddělení 4
Jana;Chromčáková;13.11.2001;Oddělení 2
Jan;Chromý;12.08.2015;Oddělení 4
Alena;Kučerová;09.05.2017;Oddělení 1
Věra;Kameníková;18.05.2001;Oddělení 4
Jana;Nováková;25.01.2023;Oddělení 1
Veronika;Kabilková;05.02.2007;Oddělení 4
Radka;Ondráčková;02.12.2001;Oddělení 2
Lucie;Giertlová;16.05.2010;Oddělení 2
Pavel;Mochernyuk;20.07.2003;Oddělení 3
Roman;Šafář;05.09.2005;Oddělení 4
Marie;Kratochvílová;27.03.2010;Oddělení 1
Monika;Klenovská;19.10.2025;Oddělení 1
František;Mikšovic;27.10.1999;Oddělení 6
Jiří;Malysz;21.11.2017;Oddělení 5
Martina;Bíšková;23.10.2006;Oddělení 5
Koloman;Kydlíček;06.09.2003;Oddělení 5
Patrik;Andrš;07.02.2006;Oddělení 6
Milada;Přidalová;30.06.2019;Oddělení 1
Petr;Tuček;08.12.2018;Oddělení 2
Markéta;Švecová;30.12.2014;Oddělení 5
Petra;Mudruňková;18.08.2012;Oddělení 2
Libuše;Kadlečková;20.05.2025;Oddělení 5
Nikola;Chýlová;21.04.2007;Oddělení 2
Margita;Nguyen;25.04.2021;Oddělení 1
Kostadin;Anguelov;16.01.2002;Oddělení 4
Miroslav;Witoszek;17.08.2000;Oddělení 1
Zbyněk;Majer;27.04.2004;Oddělení 5
Lukáš;Vlk;23.06.2012;Oddělení 4
Vladimír;Červený;25.01.2015;Oddělení 3
Kristýna;Choutková;20.08.2015;Oddělení 2
Jozef;Reichl;20.11.2015;Oddělení 3
Ondřej;Grussmann;11.03.2009;Oddělení 1
Kateřina;Krátká;17.10.2008;Oddělení 5
Josef;Hrubý;17.06.2024;Oddělení 4
Božena;Thiemlová;02.01.2015;Oddělení 3
Marián;Demeter;15.07.2009;Oddělení 2
David;Krčmař;16.02.2018;Oddělení 6
Dalibor;Křížek;24.07.2023;Oddělení 5
Jaroslav;Kauc;24.03.2006;Oddělení 5
Naděžda;Žáčková;23.06.2025;Oddělení 5
Štefan;Tichý;28.05.2020;Oddělení 5
Václav;Zemek;13.03.2019;Oddělení 1
Adam;Cimler;07.07.2015;Oddělení 6
Hana;Špalková;07.04.2025;Oddělení 4
Thi;Huong;24.09.1999;Oddělení 3
Jiřina;Hlochová;24.09.2019;Oddělení 6
Eva;Cibulková;07.09.2022;Oddělení 2
Olga;Malinová;16.06.2008;Oddělení 4
Filip;Mraček;01.06.2012;Oddělení 4
Jitka;Axamská;27.05.2015;Oddělení 6
Zdeněk;Morávek;07.03.2020;Oddělení 1
Dana;Trnková;14.11.2017;Oddělení 6
Sebastian;Krzysztof;14.02.2015;Oddělení 1
Blanka;Leksová;08.03.2012;Oddělení 2
Martin;Chlubna;15.04.2023;Oddělení 1
Stanislav;Petřík;28.02.2008;Oddělení 1
Diana;Voleníková;11.12.2017;Oddělení 6
Michal;Mašlár;01.12.2006;Oddělení 3
Victoria;Škrabalová;16.06.2024;Oddělení 1
Lenka;Pivničková;26.01.2020;Oddělení 3
Magdalena;Kopecká;26.07.2020;Oddělení 2
Karel;Dvorník;27.04.2019;Oddělení 1
Radek;Darebníček;13.12.2011;Oddělení 6
Anna;Kaňková;09.06.2000;Oddělení 1
Zdeňka;Glacová;07.10.2023;Oddělení 6
Vojtěch;Toman;22.01.2010;Oddělení 5
Vendula;Henzlová;27.12.2021;Oddělení 1
Alexandra;Kramlová;08.07.2022;Oddělení 6
Oldřich;Semerád;11.01.2025;Oddělení 1
Barbora;Vokounová;26.02.2025;Oddělení 5
Waltraude;Chybová;03.11.2021;Oddělení 5
Vitaliya;Kaslová;29.09.2025;Oddělení 6
Jindřich;Kos;10.08.2017;Oddělení 4
Ludmila;Burešová;16.11.2002;Oddělení 2
Marcela;Krabicová;25.04.2020;Oddělení 3
Pavla;Fučíková;10.09.2009;Oddělení 2
Tereza;Čečotková;25.10.2024;Oddělení 1
Renata;Dočkalová;15.10.2009;Oddělení 3
Zuzana;Svárovská;10.06.2002;Oddělení 5
Ilona;Kalčíková;23.11.2012;Oddělení 5
Mariusz;Ciper;03.06.2002;Oddělení 3
Jaroslava;Valsová;30.01.2019;Oddělení 3
Milan;Špryňar;04.11.2008;Oddělení 3
Dominik;Vytásek;26.08.2013;Oddělení 2
Irena;Růžičková;11.10.2016;Oddělení 5
Emanuel;Kratochvíl;29.01.2013;Oddělení 5
Ladislav;Levai;12.02.2017;Oddělení 2
Antonín;Jašek;11.04.2015;Oddělení 3
Radim;Novák;23.11.2001;Oddělení 2
Helena;Prokopcová;25.01.2019;Oddělení 5
Danuše;Hladíková;28.04.2013;Oddělení 5
Beáta;Peřinová;30.04.2023;Oddělení 6
Matěj;Hrček;20.11.2022;Oddělení 2
Jaromír;Pikna;08.08.2019;Oddělení 6
Viktor;Mikšovský;03.01.2018;Oddělení 1
Ivana;Landkammerová;07.10.2021;Oddělení 3
Jarmila;Čížková;29.07.2020;Oddělení 5
Nataša;Javorová;31.07.2002;Oddělení 2
Drahomíra;Vítová;24.03.2008;Oddělení 1
