Petra;Menclová;05.10.2023;
Josef;Feri;09.10.2010;
Anita;Štejfová;27.04.2012;
Branislav;Lebl;23.05.2005;
Adam;Kobliha;22.04.2009;
Zuzana;Makovcová;30.07.2025;
Lubomír;Rychtr;17.04.2008;
Eva;Martínková;26.05.2021;
Jakub;Boroš;03.03.2014;
Jiří;Svoboda;18.09.2015;
Eliška;Vávrová;04.01.2006;
Tereza;Šťastná;06.11.2014;
Václav;Skorunka;17.07.2024;
Patrik;Trunec;09.02.2017;
Pavel;Čížek;25.10.2024;
Danuše;Jančová;24.12.2024;
Tomáš;Králík;02.08.2013;
Bedřiška;Potůčková;14.10.2012;
Jana;Janečková;01.04.2021;
Miroslav;Šádek;12.02.2020;
Petr;Němeček;24.02.2013;
Jan;Madi;21.01.2015;
Jaroslav;Gondek;18.09.2003;
Marie;Kubíčková;04.09.2011;
Radek;Neužil;08.06.2010;
Marie Alběta;Volkmannová;22.03.2008;
Ladislav;Hykl;19.09.2015;
Pavlína;Kotábová;15.07.2024;
Marta;Vítková;28.11.2025;
Radka;Yarema;07.01.2006;
Michal;Petr;02.07.2015;
František;Jelínek;23.01.2018;
Irena;Šmatolánová;03.09.2002;
Milada;Ponikelská;19.01.2021;
Miluše;Tesaříková;29.07.2018;
Emilie;Wunschová;06.05.2011;
Hedvika;Bláhová;09.05.2021;
Zlata;Babůrková;21.11.2003;
Anna;Poppová;02.08.2019;
Jaroslava;Bělicová;03.07.2014;
Martin;Nechvátal;12.07.2004;
Aspen;Pinkas;27.06.2006;
Alena;Horáková;23.11.2010;
Lucie;Francová;13.09.2019;
Kateřina;Čapková;06.05.2006;
Alois;Mrva;29.03.2019;
Karel;Homola;24.11.2013;
Zdeněk;Voborný;05.12.2012;
Věra;Saffertová;19.11.2014;
Bohumil;Filip;24.09.2019;
Jiřina;Abtová;24.02.2012;
Zdeňka;Suchá;14.10.2016;
Radomír;Koška;20.09.2010;
Milan;Izaiasz;31.08.2009;
Vlastimil;Duda;10.05.2008;
Stanislav;Dušánek;01.10.2013;
Lukáš;Kotulič;23.09.2002;
Hana;Nováková;10.01.2020;
Šárka;Zabloudilová;17.08.2008;
Lenka;Sionová;02.02.2009;
Martina;Očadlíková;11.01.2021;
Ludmila;Břusková;04.12.2000;
Andrea;Tučková;21.02.2021;
Oldřich;Kaláb;01.06.2002;
Jaromír;Ciprián;12.05.2001;
Ludvík;Husein;03.08.2021;
Olga;Lišková;25.07.2011;
Renáta;Falešníková;06.05.2003;
Kryštof;Nohel;01.12.2023;
Helena;Zelenková;17.11.2014;
Veronika;Pacíková;19.12.2018;
Miroslava;Fiedlerová;02.03.2001;
Margita;Kopáčková;24.01.2011;
Vasyl;Skuhrovec;16.09.2012;
Antonína;Navrátilová;28.09.2017;
Barbora;Myslivcová;07.03.2014;
Jitka;Tvrdíková;23.08.2025;
David;Vávra;17.12.2013;
Naděžda;Babiczová;19.05.2022;
Vladimír;Chrapovič;01.11.2017;
Denisa;Tupá;01.05.2005;
Ondřej;Oplt;29.12.2009;
Michaela;Cajkánová;26.08.2014;
Filip;Král;20.03.2023;
Vlasta;Filgasová;22.04.2022;
Ivana;Pelcová;27.02.2025;
Jakub;Karabaj;18.07.2010;
Dagmar;Kylbergerová;17.08.2010;
Kristýna;Málková;26.06.2023;
Luděk;Kubart;11.11.2004;
Robert;Pulda;01.07.2012;
Nikol;Macasová;22.05.2020;
Miloš;Přibík;19.04.2005;
Markéta;Halačková;12.12.2023;
Ivo;Posejpal;09.08.2009;
Soňa;Klímová;29.11.2007;
Jarmila;Gregušová;18.08.2005;
Gabriela;Křížová;02.08.2016;
Marcela;Lidická;26.01.2014;
Miloslava;Vöröšová;29.02.2008;
Monika;Pokorná;27.05.2024;
Martin;Barot;08.11.2020;
Tomáš;Králíček;04.03.2020;
Josef;Voleman;09.04.2008;
Vlastimil;Alexa;06.05.2020;
Jana;Čeperová;28.03.2006;
Jan;Gablík;30.08.2021;
Luboš;Vrbata;11.10.2000;
Eva;Meixnerová;13.09.2000;
Roman;Hlaváček;04.01.2024;
Anna;Bučková;11.09.2015;
Vladimír;Štoček;10.10.2022;
Natálija;Hynková;27.12.2003;
Marie;Janů;14.04.2015;
Lenka;Bartoňová;19.10.2009;
Soňa;Kukučková;02.02.2025;
Daniel;Ondráček;04.06.2012;
Helena;Dorotíková;15.01.2015;
Ivan;Květoň;09.03.2004;
Jiří;Lacina;19.11.2017;
Radim;Koláček;21.03.2015;
Jaroslav;Volšík;15.11.2008;
Anton;Hodáň;14.10.2015;
Laura;Dvořáková;30.01.2025;
Hana;Janků;19.09.2025;
Antonín;Lukačka;05.05.2016;
Jitka;Strkáčová;24.02.2005;
Michal;Basel;14.03.2018;
Zdenka;Bukovská;15.07.2014;
Petr;Plachý;12.04.2008;
Nikola;Dubová;19.03.2021;
Pavel;Kleinmann;02.10.2020;
Filip;Neusser;14.12.2004;
David;Kotlaba;13.10.2001;
Imrich;Růžička;05.03.2005;
Bára;Vysloužilová;24.08.2021;
Zdeněk;Lakó;28.09.2012;
Karel;Merhaut;16.12.2020;
Zuzana;Šedivá;05.10.2014;
Veronika;Zahradníková;15.09.2000;
Růžena;Schoberová;28.03.2023;
Zdeňka;Strašilová;07.01.2018;
Václav;Kubeš;09.02.2014;
Vilma;Bernardová;30.10.2009;
František;Šťastný;12.04.2017;
Milan;Kováč;22.08.2013;
Miroslav;Vymlátil;27.08.2005;
Taťana;Hrušková;12.01.2026;
Miloslav;Hlobil;25.03.2022;
Daniela;Potencová;12.09.2013;
Frank;Vu;13.12.2011;
Věra;Křivánková;23.06.2024;
Jindřich;Kopka;06.04.2011;
Ludmila;Nováková;29.02.2004;
Bruno;Panský;29.08.2014;
Sandra;Syrovátková;28.05.2017;
Libuše;Mečířová;30.07.2011;
Mária;Hellarová;21.01.2025;
Kateřina;Marková;24.10.2015;
Miroslava;Balážová;12.06.2013;
Denis;Čermák;18.12.1999;
Šárka;Ferencová;12.12.2008;
Lukáš;Mecera;26.12.2018;
Petra;Vajsová;06.03.2013;
Stanislav;Opletal;02.11.1999;
Barbora;Jarošová;24.11.2012;
Alena;Dofková;04.06.2000;
Dominik;Pastorek;03.05.2012;
Jarmila;Elznicová;07.02.2022;
Constantin;Plhák;17.02.2017;
Blanka;Ulrichová;05.09.2011;
Markéta;Myšáková;08.05.2012;
Dagmar;Kyznarová;04.02.2020;
Lucie;Hrochová;27.11.2004;
Jaroslava;Osmanovič;24.02.2011;
Denisa;Gebauerová;04.02.2011;
Eliška;Rajtarová;15.03.2015;
Tereza;Svědínková;11.11.2003;
Hanna;Koryntová;10.06.2022;
Ivana;Slaná;31.08.2015;
Jolana;Doleželová;05.11.2014;
Martina;Mrajcová;03.09.2002;
Lubomír;Hrmel;11.06.2012;
Bohuslav;Hendrich;20.10.1999;
Johann;Sůva;02.01.2015;
Alex;Haltof;18.01.2010;
Adam;Holub;28.09.2024;
Ondřej;Jonák;05.08.2009;
Vít;Chmel;20.08.2013;
Jakub;Procházka;15.11.2021;
Dáša;Janatová;30.06.2012;
Samuel;Papp;14.10.2001;
Ladislav;Tesař;10.05.2011;
Yaroslav;Kozel;11.02.2024;
Jiřina;Procházková;15.02.2021;
Hedvika;Hlávková;16.03.2003;
Michaela;Burešová;14.08.2014;
Iveta;Vladyková;18.11.2021;
Ilona;Říčanová;05.05.2021;
Drahomíra;Dostálová;17.08.2018;
Jaroslav;Pařížský;17.02.2000;
Tomáš;Pacholík;15.10.2024;
Pavla;Fořtová;26.08.2014;
Martin;Sirotek;15.03.2013;
Lujza;Mixánová;24.08.2016;
Josef;Máček;20.07.2022;
Alena;Bartoňová;28.06.2018;
Jan;Tůša;27.03.2014;
Lukáš;Zborník;09.03.2017;
Daniel;Gaier;02.12.2012;
Karel;Pleskot;28.02.2006;
Stanislava;Teichmanová;26.12.2003;
Barbora;Havlišová;19.09.2001;
Zbyněk;Oulehla;25.11.2025;
Marie;Kyliánková;12.01.2003;
Lenka;Miková;03.07.2005;
Petr;Janoušek;23.08.2014;
Miroslav;Pokorný;25.08.2005;
Jana;Casková;27.06.2019;
Ivana;Novotná;18.03.2017;
Stanislav;Grebáč;28.12.2017;
Jaroslava;Fojtiková;12.10.2016;
Jiří;Šavel;25.10.2003;
Jakub;Kafka;21.10.2021;
Zuzana;Cígnerová;24.04.2006;
Veronika;Spilková;01.09.2016;
Anna;Kovařčíková;16.02.2006;
Roman;Pokluda;13.11.2012;
Danuše;Důjková;03.04.2023;
Libuše;Kopáčková;09.03.2010;
Samuel;Holý;30.09.2002;
Michaela;Jakubičková;04.06.2018;
Zdenka;Patalová;25.08.2019;
Pavel;Antoš;06.12.2000;
Iveta;Wojnarová;06.07.2001;
Taťána;Klazarová;23.02.2020;
František;Musil;04.06.2016;
Vendula;Holotíková;06.06.2009;
Radek;Dospěl;13.09.2016;
Tereza;Studená;03.07.2025;
Jitka;Malá;13.04.2014;
Václav;Kameník;06.09.2000;
Eva;Číhalová;04.04.2022;
Zdeněk;Bíba;21.02.2021;
Petra;Bergerová;29.08.2024;
Irene;Váňová;15.01.2022;
Jarmila;Kučerová;16.03.2000;
Lucie;Čapková;25.10.2017;
Ludmila;Čepelová;29.11.2014;
Renáta Barbora;Rychtárechová;10.05.2006;
Hana;Kubištová;03.03.2013;
Tomáš;Jörg Remeš;17.04.2010;
Marta;Krpálková;28.05.2004;
Svatava;Kotlarová;25.08.2018;
Martina;Humlová;04.12.2025;
Gustav;Mikulčík;12.08.2004;
Božena;Veselá;14.01.2009;
David;Voženílek;30.10.2002;
Aleš;Gabriel;22.01.2025;
Antonín;Potužník;16.12.1999;
Ladislav;Hasík;03.09.2016;
Zdeňka;Šimečková;03.02.2013;
Věra;Konopásková;26.02.2013;
Milan;Bartoš;26.08.2015;
Michael;Molnár;12.07.2010;
Milana;Kovaříková;27.12.2016;
Michal;Čtvrtníček;12.04.2005;
Simon;Svoboda;29.10.2025;
Erika;Kolouchová;04.05.2019;
Johana;Menšíková;29.02.2008;
Kristýna;Procházková;24.09.2012;
Kateřina;Dombrovská;22.04.2002;
Helena;Petráčková;04.12.1999;
Leo;Trojan;24.02.2006;
Artur;Nosek;20.06.2010;
Markéta;Horáčková;04.09.2024;
Šárka;Klucká;04.09.2013;
Julie;Škrabová;18.03.2006;
Vladimír;Halm;02.06.2023;
Ivanka;Bártová;06.01.2005;
Ondřej;Černák;14.06.2024;
Alice;Šotolová;23.08.2003;
Pavlína;Vincurová;29.03.2016;
Miloslav;Fairaizl;11.09.2007;
Adam;Čmejrek;29.05.2019;
Vlasta;Hanáková;17.03.2012;
Andrea;Červená;20.12.2023;
Bohumír;Zeman;29.08.2017;
Miloš;Pachovský;19.08.2003;
Dominika;Kadečková;30.08.2000;
Simona;Mafková;01.08.2020;
Růžena;Černá;14.07.2001;
Ilona;Havlíčková;22.05.2025;
Dagmar;Banzetová;25.11.2012;
Jiřina;Šindelková;24.08.2014;
Adéla;Lebrušková;10.08.2012;
Drahomíra;Dvořáková;25.10.2006;
Nikola;Fousová;10.11.2024;
Renata;Nedělníková;13.05.2001;
Miriam Renáta;Fryzelková;28.06.2013;
Tomáš;Král;25.07.2005;
Jana;Chromčáková;30.05.2003;
Jan;Chromý;23.02.2011;
Alena;Kučerová;17.05.2014;
Věra;Kameníková;23.07.2001;
Jana;Nováková;07.09.2024;
Veronika;Kabilková;09.02.2007;
Radka;Ondráčková;17.04.2001;
Lucie;Giertlová;24.05.2022;
Pavel;Mochernyuk;29.09.2013;
Roman;Šafář;26.02.2006;
Marie;Kratochvílová;21.11.2021;
Monika;Klenovská;21.12.2003;
František;Mikšovic;14.10.2002;
Jiří;Malysz;28.11.2020;
Martina;Bíšková;20.05.2000;
Koloman;Kydlíček;14.12.2008;
Patrik;Andrš;20.01.2013;
Milada;Přidalová;26.03.2008;
Petr;Tuček;21.04.2014;
Markéta;Švecová;10.07.2017;
Petra;Mudruňková;28.02.2025;
Libuše;Kadlečková;24.07.2004;
Nikola;Chýlová;26.12.2017;
Margita;Nguyen;Thi;
Kostadin;Anguelov;Sahánek;
Miroslav;Witoszek;;
Zbyněk;Majer;;
Lukáš;Vlk;;
Vladimír;Červený;;
Kristýna;Choutková;;
Jozef;Reichl;;
Ondřej;Grussmann;;
Kateřina;Krátká;;
Josef;Hrubý;;
Božena;Thiemlová;;
Marián;Demeter;;
David;Krčmař;;
Dalibor;Křížek;;
Jaroslav;Kauc;;
Naděžda;Žáčková;;
Štefan;Tichý;;
Václav;Zemek;;
Adam;Cimler;;
Hana;Špalková;;
Thi;Huong;Lan;Vasková
Jiřina;Hlochová;;
Eva;Cibulková;;
Olga;Malinová;;
Filip;Mraček;;
Jitka;Axamská;;
Zdeněk;Morávek;;
Dana;Trnková;;
Sebastian;Krzysztof;Paukner;
Blanka;Leksová;;
Martin;Chlubna;;
Stanislav;Petřík;;
Diana;Voleníková;;
Michal;Mašlár;;
Victoria;Škrabalová;;
Lenka;Pivničková;;
Magdalena;Kopecká;;
Karel;Dvorník;;
Radek;Darebníček;;
Anna;Kaňková;;
Zdeňka;Glacová;;
Vojtěch;Toman;;
Vendula;Henzlová;;
Alexandra;Kramlová;;
Oldřich;Semerád;;
Barbora;Vokounová;;
Waltraude;Chybová;;
Vitaliya;Kaslová;;
Jindřich;Kos;;
Ludmila;Burešová;;
Marcela;Krabicová;;
Pavla;Fučíková;;
Tereza;Čečotková;;
Renata;Dočkalová;;
Zuzana;Svárovská;;
Ilona;Kalčíková;;
Mariusz;Ciper;;
Jaroslava;Valsová;;
Milan;Špryňar;;
Dominik;Vytásek;;
Irena;Růžičková;;
Emanuel;Kratochvíl;;
Ladislav;Levai;;
Antonín;Jašek;;
Radim;Novák;;
Helena;Prokopcová;;
Danuše;Hladíková;;
Beáta;Peřinová;;
Matěj;Hrček;;
Jaromír;Pikna;;
Viktor;Mikšovský;;
Ivana;Landkammerová;;
Jarmila;Čížková;;
Nataša;Javorová;;
Drahomíra;Vítová;;
